Cell_line,bone,brain,kidney,liver,lung
22RV1_PROSTATE,-2.940992293,-3.220084156,-3.467631124,-2.438388895,-3.135028798
2313287_STOMACH,-4.034838138,-1.607880986,-4.034838138,-4.034838138,-1.377213246
253JBV_URINARY_TRACT,-3.910960349,-3.910960349,-1.95047496,-3.910960349,-3.910960349
253J_URINARY_TRACT,-3.90472085,-3.660612519,-3.548336561,-3.90472085,-3.90472085
42MGBA_CENTRAL_NERVOUS_SYSTEM,-3.913560923,-3.913560923,-3.913560923,-3.460309396,-3.913560923
5637_URINARY_TRACT,-3.751187045,-3.751187045,-3.751187045,-3.751187045,-3.751187045
639V_URINARY_TRACT,-3.74675434,-4.171585544,-2.607956408,-4.171585544,-3.979800373
647V_URINARY_TRACT,-2.07717134,-4.072463246,-2.297900916,-2.843476003,-3.256091914
769P_KIDNEY,-4.215400414,-4.215400414,-3.665937522,-4.215400414,-4.215400414
786O_KIDNEY,-3.778272675,-3.778272675,-3.095620218,-3.778272675,-2.444981466
8305C_THYROID,-3.173600313,-3.809021952,-1.12503855,-1.636482544,-2.726095805
8505C_THYROID,0.35981839,-3.087719977,0.340623115,-1.026910062,-0.354831545
8MGBA_CENTRAL_NERVOUS_SYSTEM,-1.135489707,-3.68206281,-3.132599918,-0.786706429,-1.773855375
A101D_SKIN,-1.596226102,-0.511520756,-0.804927651,-0.337992637,-2.6310163
A172_CENTRAL_NERVOUS_SYSTEM,-4.269424937,-4.269424937,-4.269424937,-2.327618114,-3.843631843
A2058_SKIN,1.074486897,0.948826466,0.133201057,1.065499153,0.471375318
A2780_OVARY,-0.310612247,-0.400275508,-0.198562406,2.099012937,-0.49706735
A375_SKIN,-0.904748375,-1.578497803,-0.542438227,1.080321788,-0.384344599
A549_LUNG,0.47088272,-1.318449421,0.068156369,-0.260313072,-0.251146505
A673_BONE,0.073444809,-1.161260527,-0.911907619,1.159752972,-0.526460086
A704_KIDNEY,-3.573207546,-3.573207546,-3.573207546,-3.573207546,-3.573207546
ABC1_LUNG,-1.466080316,-3.719943412,-1.013671394,-3.719943412,-0.430462003
ACCMESO1_PLEURA,-2.33716426,-3.69081096,-3.334426671,-3.69081096,-3.69081096
ACHN_KIDNEY,-2.480202192,-2.619639923,-0.356290681,-0.50028415,-0.520895775
AGS_STOMACH,-2.025437815,-2.159754853,-1.600556494,-2.586289313,-2.820281561
AN3CA_ENDOMETRIUM,-3.68389993,-3.68389993,-3.68389993,-1.685103635,-3.68389993
ASPC1_PANCREAS,-0.15948879,-1.151583179,-0.851001601,-2.519183499,0.358327163
BC3C_URINARY_TRACT,-3.639319279,-3.901733716,-1.238837494,-3.901733716,-2.883102508
BCPAP_THYROID,-3.152567648,-3.152567648,-1.690450782,-1.41251683,-3.152567648
BECKER_CENTRAL_NERVOUS_SYSTEM,-3.82014788,-3.82014788,-1.586058143,-3.82014788,-3.82014788
BEN_LUNG,-3.683166014,-3.683166014,-3.683166014,-3.683166014,-3.683166014
BFTC905_URINARY_TRACT,-3.699563232,-3.095631974,-1.340362604,-3.699563232,-3.699563232
BFTC909_KIDNEY,-4.330648235,-4.330648235,-4.330648235,-4.330648235,-3.753618467
BHT101_THYROID,-2.991359058,-3.534126826,-3.177742537,-0.135593277,0.213986955
BICR16_UPPER_AERODIGESTIVE_TRACT,-3.67892176,-3.67892176,-3.67892176,-3.67892176,-3.67892176
BICR31_UPPER_AERODIGESTIVE_TRACT,-3.340743334,-3.340743334,-3.340743334,-3.340743334,-3.340743334
BICR56_UPPER_AERODIGESTIVE_TRACT,-3.106660808,-3.818402914,-3.818402914,-3.818402914,-2.645802797
BICR6_UPPER_AERODIGESTIVE_TRACT,-3.69984332,-3.718149426,-1.196203197,-3.962257757,-1.941806646
BT474_BREAST,-3.767216766,-3.767216766,-3.767216766,-3.767216766,-3.767216766
BT549_BREAST,-3.188430749,-3.188430749,-3.188430749,-3.188430749,-3.188430749
BXPC3_PANCREAS,-3.04966443,-1.236692243,-0.605842666,-3.932687551,-0.971072825
CADOES1_BONE,-2.459508507,-1.769950193,-1.369597691,0.187392671,-0.968518265
CAKI1_KIDNEY,-4.06022879,-4.06022879,-4.06022879,-4.06022879,-4.06022879
CAL120_BREAST,-3.971903836,-2.047753901,-3.971903836,-3.971903836,-3.971903836
CAL12T_LUNG,-3.778420169,-3.778420169,-2.400136099,-2.964259884,-3.778420169
CAL27_UPPER_AERODIGESTIVE_TRACT,-1.138863746,-2.084749008,-1.494253602,-4.2278894,-1.123266024
CAL29_URINARY_TRACT,-3.94752451,-3.94752451,-3.94752451,-3.94752451,-3.94752451
CAL51_BREAST,-2.58854468,-2.583384518,-0.587317888,-2.835672608,-1.777998618
CAL54_KIDNEY,-3.424612461,-3.424612461,-3.424612461,-3.424612461,-3.424612461
CAL62_THYROID,-0.017079532,-2.597819453,-1.848859054,-2.052580204,-0.693476297
CAL78_BONE,-3.187856665,-3.187856665,-3.187856665,-3.187856665,-3.187856665
CALU1_LUNG,-2.999530949,-2.999530949,-1.215783903,-1.321903326,-2.999530949
CALU6_LUNG,-3.517293914,-4.350372077,-3.020974442,-0.985674106,-3.713766159
CAMA1_BREAST,-3.940981532,-1.615764118,-3.940981532,-3.940981532,-3.940981532
CAOV3_OVARY,-3.764332087,-3.764332087,-3.764332087,-3.764332087,-3.764332087
CAPAN2_PANCREAS,-3.609060023,-3.609060023,-3.609060023,-3.609060023,-2.873335871
CCFSTTG1_CENTRAL_NERVOUS_SYSTEM,-3.798167504,-3.798167504,-1.699026868,-3.798167504,-3.798167504
CFPAC1_PANCREAS,-0.082924408,-0.306100108,-1.256061615,-3.333938175,-1.321611945
CHL1_SKIN,-2.151291734,-3.725475901,-2.94103714,-0.374682594,-1.736007711
CJM_SKIN,-3.484846683,-3.484846683,-3.128462394,-2.382736712,-1.822363794
CL34_LARGE_INTESTINE,-4.390934182,-4.390934182,-4.390934182,-4.390934182,-4.390934182
COLO668_LUNG,-3.284766678,-3.284766678,-3.284766678,-3.284766678,-3.284766678
COLO679_SKIN,-3.737145442,-3.737145442,-3.737145442,-3.737145442,-3.737145442
COLO680N_OESOPHAGUS,-1.952186375,-2.20241283,-0.786801151,-3.95110634,-1.749078988
COLO741_SKIN,0.224158544,-2.147481892,-0.74894593,-0.12009169,0.017930802
COLO783_SKIN,-3.791922639,-3.791922639,-3.43553835,-3.121757877,-3.791922639
COLO792_SKIN,-3.531690964,-3.956522167,-3.956522167,-3.956522167,-3.764736997
COLO800_SKIN,0.16956923,0.04806219,0.577190096,-1.268512799,-1.239685357
CORL105_LUNG,-1.952339645,-3.780919924,-1.36095411,-1.560949228,-0.775972508
CORL23_LUNG,-2.525787352,-3.525426427,-2.209906235,-0.095576799,-0.931512717
COV362_OVARY,-3.516969237,-3.516969237,-1.072505055,-3.516969237,-3.516969237
COV434_OVARY,-3.51508041,-3.51508041,-3.51508041,-3.51508041,-3.51508041
COV644_OVARY,-2.516160745,-2.516160745,-2.516160745,-1.534585489,-2.516160745
DANG_PANCREAS,-3.727618462,-3.745924568,-2.29691103,-0.847442047,-0.710824306
DAOY_CENTRAL_NERVOUS_SYSTEM,-4.267325048,-4.267325048,-2.734969097,-4.267325048,-3.578338432
DBTRG05MG_CENTRAL_NERVOUS_SYSTEM,-2.772660837,-3.629537448,-1.713111853,-3.150000181,-2.297962181
DETROIT562_UPPER_AERODIGESTIVE_TRACT,-3.967727896,-3.967727896,-3.611343607,-3.760042992,-2.508941926
DKMG_CENTRAL_NERVOUS_SYSTEM,-3.466791638,-3.466791638,-3.466791638,-3.013540111,-3.466791638
DMS273_LUNG,0.360026524,-0.224052024,-0.027774045,1.635399488,1.059453051
DU145_PROSTATE,-2.939510882,-0.734417438,-1.335090584,-2.60798588,-1.313450764
DV90_LUNG,-3.947923953,-3.947923953,-3.591539664,-3.947923953,-3.170006902
EBC1_LUNG,-1.213102382,-4.014171476,-4.014171476,-3.806486572,-2.703863465
ECGI10_OESOPHAGUS,-4.128944602,-4.128944602,-3.772560313,-4.128944602,-3.937159432
EFM192A_BREAST,-3.735683443,-3.735683443,-3.735683443,-3.735683443,-3.735683443
EFO21_OVARY,-3.721122874,-3.721122874,-3.364738585,-3.721122874,-3.396759683
EFO27_OVARY,-3.334063992,-3.876831761,-2.454611622,-3.876831761,-3.451038666
EN_ENDOMETRIUM,-3.414997788,-4.19163167,-4.19163167,-4.19163167,-4.19163167
ES2_OVARY,1.868128195,2.169360804,1.477524428,2.037921834,2.403325242
ESS1_ENDOMETRIUM,-3.643788621,-3.643788621,-3.643788621,-3.643788621,-3.643788621
EWS502_BONE,-3.513997381,-3.513997381,-3.513997381,-3.513997381,-3.513997381
FADU_UPPER_AERODIGESTIVE_TRACT,-3.916038611,-3.916038611,-2.417383764,-2.773744844,-3.339008843
FTC133_THYROID,-3.832430708,-3.832430708,-3.832430708,-2.97922686,-2.214075904
FTC238_THYROID,-3.492889403,-3.492889403,-3.136505114,-3.2852045,-3.168526212
G292CLONEA141B1_BONE,-3.433839094,-3.433839094,-3.433839094,-3.433839094,-3.433839094
G361_SKIN,-0.048131726,-3.580305214,-1.511027785,-0.169374373,-0.898180331
G401_SOFT_TISSUE,-2.60242482,-3.570835643,-2.888183185,-3.223237246,-3.570835643
G402_SOFT_TISSUE,-2.905895312,-4.243277472,-4.243277472,-4.035592569,-4.243277472
GAMG_CENTRAL_NERVOUS_SYSTEM,-3.941488353,-3.941488353,-3.258835896,-3.941488353,-3.941488353
GB1_CENTRAL_NERVOUS_SYSTEM,-2.809597653,-4.055034096,-1.211978801,-3.516868859,-4.055034096
GCIY_STOMACH,-1.887469415,-4.050013295,-3.500550402,-4.050013295,-4.050013295
GCT_SOFT_TISSUE,-2.339645467,-1.956338015,-2.42489908,-1.124359313,-2.268018113
GI1_CENTRAL_NERVOUS_SYSTEM,-3.623834097,-3.623834097,-3.623834097,-3.623834097,-3.623834097
GMS10_CENTRAL_NERVOUS_SYSTEM,-3.684449554,-3.684449554,-3.684449554,-3.684449554,-3.684449554
GOS3_CENTRAL_NERVOUS_SYSTEM,-4.059302953,-2.097795647,-2.257749439,-4.059302953,-3.867517782
GP2D_LARGE_INTESTINE,-3.959156333,-3.959156333,-3.959156333,-3.959156333,-3.959156333
H4_CENTRAL_NERVOUS_SYSTEM,-3.335459386,-3.335459386,-3.335459386,-3.335459386,-3.335459386
HARA_LUNG,-2.313398802,-2.685122929,-1.375359242,-0.842347061,-1.645445356
HCC1143_BREAST,-3.902177553,-1.850488493,-3.902177553,-3.902177553,-3.902177553
HCC1195_LUNG,-3.799995523,-3.799995523,-3.799995523,-3.799995523,-3.799995523
HCC1359_LUNG,-4.003501165,-2.221092144,-4.003501165,-4.003501165,-4.003501165
HCC1419_BREAST,-3.876125782,-3.876125782,-3.876125782,-3.876125782,-3.876125782
HCC1428_BREAST,-3.998821318,-3.998821318,-3.998821318,-3.998821318,-3.998821318
HCC1438_LUNG,-3.569167568,-3.569167568,-3.569167568,-3.569167568,-3.569167568
HCC1588_LUNG,-4.129667714,-4.129667714,-4.129667714,-4.129667714,-3.621706037
HCC15_LUNG,-3.658223592,-3.658223592,-1.229937158,-3.658223592,-3.658223592
HCC1806_BREAST,1.549920364,-1.067440922,-1.33727365,-1.577782086,-0.971299491
HCC1937_BREAST,-3.352697147,-3.352697147,-3.352697147,-3.352697147,-3.352697147
HCC366_LUNG,-3.73159632,-3.73159632,-3.73159632,-3.73159632,-3.73159632
HCC38_BREAST,-3.959156333,-3.959156333,-3.959156333,-3.959156333,-3.959156333
HCC4006_LUNG,-3.511823186,-1.825884162,-3.511823186,-1.75747423,-3.511823186
HCC44_LUNG,-2.956313668,-4.027753511,-2.626946036,-2.17708646,-3.24983646
HCC56_LARGE_INTESTINE,-4.455276739,-1.697866466,-4.09889245,-4.455276739,-4.455276739
HCC78_LUNG,-2.592222587,-3.991299328,-3.991299328,-3.991299328,-2.818699211
HCC827_LUNG,-1.737616483,-3.732908389,-3.732908389,-3.732908389,-2.611863729
HCC95_LUNG,-2.723436133,-4.026339276,-3.669954987,-4.026339276,-4.026339276
HCT116_LARGE_INTESTINE,0.994493345,0.490975178,0.89679132,-0.828993521,0.271752153
HCT15_LARGE_INTESTINE,-2.619316679,-3.896310608,-2.96635064,-3.572102676,-2.326506862
HDQP1_BREAST,-3.878942837,-3.878942837,-3.878942837,-3.878942837,-3.878942837
HEC108_ENDOMETRIUM,-4.008478557,-4.008478557,-4.008478557,-4.008478557,-4.008478557
HEC151_ENDOMETRIUM,-4.339245974,-4.339245974,-3.982861685,-2.228130613,-2.897560029
HEC1A_ENDOMETRIUM,-1.033210529,-1.837921136,-0.798806737,-0.818927467,-1.690479257
HEC1B_ENDOMETRIUM,-3.984471374,-2.285235029,-1.912543617,-0.184267158,-0.494653332
HEC251_ENDOMETRIUM,-0.797964134,-3.810804942,-3.810804942,-3.810804942,-3.233775174
HEC265_ENDOMETRIUM,-1.932577151,-0.562440218,-3.335327884,-1.445283312,-3.691712173
HEC59_ENDOMETRIUM,-2.986573554,-3.843450165,-4.087558496,-1.720603592,-4.087558496
HEC6_ENDOMETRIUM,-3.741662662,-3.741662662,-3.741662662,-3.132501853,-3.741662662
HEP3B217_LIVER,-3.931548892,-3.931548892,-3.931548892,-3.931548892,-3.931548892
HEYA8_OVARY,1.292720123,0.295316856,-0.056007154,1.365586639,1.800251768
HGC27_STOMACH,-3.645394147,-3.645394147,-3.645394147,-3.645394147,-3.645394147
HLF_LIVER,-3.322593535,-3.322593535,-3.322593535,-2.55133674,-3.322593535
HMC18_BREAST,-2.48578127,-4.20553028,-1.998013978,-0.601521141,-1.299475944
HOS_BONE,-2.239394823,-4.010902854,-2.183937941,-3.663304458,-3.686539664
HPAC_PANCREAS,0.024981667,-0.533119964,-0.358412191,-2.46724005,-0.66905846
HS294T_SKIN,-1.526306838,-1.062977876,-1.787361849,-1.197467687,-1.455985146
HS729_SOFT_TISSUE,-2.611427003,-3.856863446,-3.856863446,-3.856863446,-3.856863446
HS766T_PANCREAS,-2.169648695,-1.007951567,-0.323652149,-0.620347644,-0.664470015
HS852T_SKIN,-3.62509536,-3.62509536,-3.62509536,-3.62509536,-2.606464153
HS939T_SKIN,-1.668748462,0.088056411,-0.24560135,-1.577464903,-0.432105753
HS944T_SKIN,-0.846798594,0.695767542,0.424478095,-0.672120767,0.268951856
HSC2_UPPER_AERODIGESTIVE_TRACT,-3.914316499,-1.461198122,-1.628639918,-3.914316499,-1.945075086
HSC3_UPPER_AERODIGESTIVE_TRACT,0.900670826,-2.231073408,-0.941714378,-3.447405849,-0.380678758
HT1080_SOFT_TISSUE,0.119900879,-0.435983672,0.189845877,1.983673711,0.722666813
HT1376_URINARY_TRACT,-2.673590393,-3.828243443,-1.093588858,-3.828243443,-1.342014389
HT144_SKIN,-3.35441647,-1.688797273,-3.616830907,-1.428473633,-2.343452795
HT29_LARGE_INTESTINE,-0.037319192,-0.977841522,-2.365354012,-1.621422393,-0.261683696
HT55_LARGE_INTESTINE,-0.001910569,-3.644216884,-2.242101036,-1.906529452,-3.307930398
HUCCT1_BILIARY_TRACT,-1.763905689,-1.742150187,-0.656835956,-4.170331306,-1.910274373
HUH28_BILIARY_TRACT,-3.429579665,-3.429579665,-3.429579665,-3.429579665,-3.429579665
HUH6_LIVER,-3.707101126,-3.707101126,-3.707101126,-3.707101126,-3.707101126
HUH7_LIVER,-3.91063418,-3.91063418,-3.91063418,-3.91063418,-3.91063418
HUPT3_PANCREAS,-3.542076932,-3.542076932,-3.542076932,-3.542076932,-3.542076932
IALM_LUNG,-3.362413313,-3.362413313,-3.362413313,-3.362413313,-3.362413313
IGR1_SKIN,-3.812171508,-3.069767836,-0.761871777,0.129895533,-0.455174186
IGR37_SKIN,1.628223047,0.065967663,0.347572153,1.219982485,1.583172683
IGROV1_OVARY,-3.454141325,-3.472447431,-3.360171473,-2.216053284,-2.832193566
IM95_STOMACH,-4.03679479,-4.03679479,-4.03679479,-4.03679479,-4.03679479
IPC298_SKIN,-2.98829361,-1.764830989,-1.540548881,-3.125792215,-0.967710153
ISHIKAWAHERAKLIO02ER_ENDOMETRIUM,-3.188906408,-2.026080346,-2.229243037,-3.814299668,-2.849384454
ISTMES1_PLEURA,-2.293324274,-3.538760717,-3.182376428,-3.538760717,-3.538760717
ISTMES2_PLEURA,-3.802234881,-3.802234881,-3.802234881,-3.802234881,-3.802234881
J82_URINARY_TRACT,-3.788478117,-3.788478117,-3.239015225,-2.449058837,-3.788478117
JHH1_LIVER,-3.809159365,-3.809159365,-3.809159365,-3.809159365,-3.809159365
JHH4_LIVER,-3.714510416,-3.714510416,-3.714510416,-3.714510416,-3.714510416
JHH5_LIVER,-3.531791206,-3.531791206,-3.531791206,-3.531791206,-3.531791206
JHH6_LIVER,-3.919675581,-3.919675581,-3.919675581,-3.919675581,-3.919675581
JHH7_LIVER,1.008831473,-1.293181706,-1.129647936,-0.794466575,-1.477414348
JHOC5_OVARY,-3.776054241,-3.776054241,-3.419669952,-3.776054241,-2.781159369
JHOM1_OVARY,-4.184048558,-4.184048558,-3.827664269,-3.836450161,-4.184048558
JHOS2_OVARY,-4.093381285,-4.093381285,-4.093381285,-4.093381285,-4.093381285
JHUEM2_ENDOMETRIUM,-3.176094491,-3.600925695,-2.326623733,-0.239227938,-0.993870196
JIMT1_BREAST,-0.980405877,-0.491422014,-3.324203209,-2.050192538,-2.447573911
JMSU1_URINARY_TRACT,0.604571464,-1.745945223,-1.283231504,0.688366529,-0.287133054
K029AX_SKIN,1.03658162,-0.682610126,-0.124614683,-2.032195005,0.698234281
KALS1_CENTRAL_NERVOUS_SYSTEM,-3.680032962,-3.680032962,-3.680032962,-3.680032962,-3.680032962
KELLY_AUTONOMIC_GANGLIA,-3.624254925,-3.624254925,-3.267870636,-3.416570022,-3.624254925
KMBC2_URINARY_TRACT,-2.15634231,-2.009367529,-1.943448013,-2.998270796,-3.404840411
KMRC1_KIDNEY,-4.118759898,-4.118759898,-3.436107441,-4.118759898,-4.118759898
KMRC20_KIDNEY,-3.524314379,-4.159736017,-3.803351728,-4.159736017,-3.308040073
KMRC3_KIDNEY,-4.0841437,-4.0841437,-4.0841437,-4.0841437,-4.0841437
KNS42_CENTRAL_NERVOUS_SYSTEM,-3.977067922,-3.977067922,-1.377376106,-3.088042869,-3.652704731
KNS60_CENTRAL_NERVOUS_SYSTEM,-3.994539004,-1.576247585,-3.994539004,-3.994539004,-3.994539004
KNS62_LUNG,-3.398533236,-3.398533236,-3.398533236,-3.398533236,-3.398533236
KNS81_CENTRAL_NERVOUS_SYSTEM,-3.767065418,-3.767065418,-2.160382068,-3.767065418,-3.767065418
KP2_PANCREAS,-3.590368237,-3.590368237,-3.590368237,-3.590368237,-3.590368237
KP3_PANCREAS,-2.242926346,-4.211936,-1.668496842,-2.679027084,-1.735255742
KP4_PANCREAS,-2.07168337,-1.94279932,-1.148514932,0.90283817,-1.499866483
KPL1_BREAST,-4.148750062,-4.148750062,-4.148750062,-2.889412924,-3.370833011
KU1919_URINARY_TRACT,2.063109842,1.72875369,0.049860188,0.311807681,-0.362981048
KURAMOCHI_OVARY,-3.799995523,-3.799995523,-3.799995523,-3.799995523,-2.915633326
KYSE140_OESOPHAGUS,-3.130906159,-4.259553636,-1.662647677,-4.051868733,-3.197019531
KYSE150_OESOPHAGUS,-0.898251087,-0.205086113,0.547379288,-1.396433342,-0.051354273
KYSE180_OESOPHAGUS,-3.870436253,-1.225484161,-0.601702812,-3.017232405,-1.31187468
KYSE270_OESOPHAGUS,0.443974713,-3.691258786,-3.068526405,-0.707552645,-1.820220429
KYSE30_OESOPHAGUS,-1.873645018,-2.156695599,-1.682306664,-2.562568937,-2.374112162
KYSE410_OESOPHAGUS,-3.707448561,-1.286663524,-3.707448561,-3.169283324,-2.488768875
KYSE510_OESOPHAGUS,-0.415092465,-3.588465685,-2.70126918,-2.814372739,-1.960035755
KYSE520_OESOPHAGUS,-1.567449443,-3.779156885,-2.109027296,-3.779156885,-1.443867312
KYSE70_OESOPHAGUS,-3.746150935,-4.008565372,-3.072491903,-3.237308578,-4.008565372
L33_PANCREAS,-3.96370396,-3.96370396,-1.64764209,-1.975722947,-2.211504771
LC1SQSF_LUNG,-3.841707003,-1.495324318,-3.841707003,-3.841707003,-3.841707003
LCLC103H_LUNG,-2.121830503,-1.603572286,-1.925652554,-0.149885856,-2.46567748
LI7_LIVER,-3.757112879,-3.757112879,-3.757112879,-3.757112879,-3.757112879
LK2_LUNG,-0.211576051,-3.444474112,-2.264963213,0.176772604,-1.323328773
LMSU_STOMACH,-1.737515601,-3.51508041,-3.51508041,-3.167482014,-1.986722067
LN18_CENTRAL_NERVOUS_SYSTEM,-3.737469663,-3.737469663,-3.737469663,-3.737469663,-3.737469663
LN229_CENTRAL_NERVOUS_SYSTEM,-0.938574241,-0.340832378,-0.283563814,-1.376928759,-2.359770105
LNCAPCLONEFGC_PROSTATE,-3.597360405,-3.597360405,-3.597360405,-3.597360405,-3.597360405
LOUNH91_LUNG,-2.891085622,-3.930822734,-3.930822734,-3.723137831,-3.930822734
LOVO_LARGE_INTESTINE,-3.756803,-3.756803,-3.400418711,-3.303551474,-3.756803
LOXIMVI_SKIN,-0.543016537,-0.369424254,-0.436106583,1.298883353,1.382329167
LS1034_LARGE_INTESTINE,-3.46070472,-3.46070472,-3.46070472,-3.46070472,-3.46070472
LS180_LARGE_INTESTINE,-1.514799874,-1.054195118,-0.257357071,-0.167926361,-0.030332226
LS411N_LARGE_INTESTINE,-2.704578579,-3.950015023,-3.40055213,-3.950015023,-3.950015023
LS513_LARGE_INTESTINE,-4.167149647,-4.167149647,-4.167149647,-4.167149647,-4.167149647
LU99_LUNG,-0.388129559,1.144733932,-0.325499923,1.12967212,-0.008543288
LUDLU1_LUNG,-3.857355564,-3.857355564,-3.857355564,-3.857355564,-3.857355564
LXF289_LUNG,-3.809159365,-3.809159365,-3.809159365,-3.809159365,-3.809159365
MALME3M_SKIN,-4.099127037,-1.696105698,-1.503620737,-3.75152864,-3.907341867
MCAS_OVARY,0.420304967,-2.153416872,0.234864984,-1.107633022,-1.25363306
MCF7_BREAST,-4.068095413,-4.068095413,-4.068095413,-4.068095413,-2.106688695
MDAMB175VII_BREAST,-3.658806669,-3.658806669,-3.658806669,-3.658806669,-2.880889618
MDAMB231_BREAST,-2.309573431,-2.028302589,-1.673963177,-2.489823532,-2.124884274
MDAMB435S_SKIN,-3.121756518,-3.384779431,-1.206475209,-0.879931619,-1.332560697
MDAMB436_BREAST,-3.917218614,-3.917218614,-3.917218614,-3.379053377,-3.917218614
MDAMB468_BREAST,-3.946323971,-3.946323971,-3.589939682,-2.804030204,-3.003188416
MELHO_SKIN,0.903361809,1.082519458,-1.2352279,0.260046546,0.593699368
MELJUSO_SKIN,-0.256156762,0.829906377,-0.002724893,-0.836730002,-0.188177151
MESSA_SOFT_TISSUE,-1.153509804,-3.952293749,-2.23733589,-3.952293749,-3.760508578
MEWO_SKIN,-3.470166306,-0.688795799,-0.604149418,-1.317999754,-1.374502636
MFE280_ENDOMETRIUM,-3.986759307,-3.986759307,-3.986759307,-3.986759307,-3.986759307
MFE296_ENDOMETRIUM,-1.113813059,-1.810996627,-2.463550386,-0.902371626,-3.333872778
MFE319_ENDOMETRIUM,-3.936700726,-3.936700726,-1.914298387,-3.936700726,-3.744915555
MG63_BONE,-3.684815584,-3.684815584,-1.141376426,-3.684815584,-3.684815584
MHHES1_BONE,-3.52178883,-3.52178883,-2.972325938,0.372084968,-3.095995736
MHHNB11_AUTONOMIC_GANGLIA,-3.031145485,-3.031145485,-3.031145485,-3.031145485,-3.031145485
MIAPACA2_PANCREAS,-4.045890717,-4.045890717,-3.363238259,-2.706471436,-2.842034217
MKN1_STOMACH,-3.759737956,-3.759737956,-3.759737956,-3.759737956,-3.759737956
MKN45_STOMACH,0.937954997,-0.877912259,0.15736615,-1.373355954,-0.035643667
MKN74_STOMACH,-1.330963308,-1.668251051,-3.818402914,-2.301395022,-3.818402914
MKN7_STOMACH,-3.804184891,-3.804184891,-3.804184891,-3.804184891,-3.804184891
MON_SOFT_TISSUE,-2.948821359,-2.948821359,-2.948821359,-2.948821359,-2.948821359
MPP89_PLEURA,-3.660937942,-3.660937942,-3.660937942,-2.807734094,-3.660937942
MSTO211H_PLEURA,-3.174279569,-3.886021675,-3.886021675,-3.886021675,-3.886021675
NB1_AUTONOMIC_GANGLIA,-2.592195588,-2.169860707,-1.55150218,0.426410824,-1.053019155
NCIH1048_LUNG,-4.187396851,-4.187396851,-4.187396851,-3.298371797,-2.673564478
NCIH1299_LUNG,-3.108393199,-4.26304625,-3.396205538,-1.194730878,-2.570181145
NCIH1339_LUNG,-4.036306453,-4.036306453,-4.036306453,-4.036306453,-3.041411581
NCIH1355_LUNG,-3.746450962,-3.746450962,-1.895479687,-3.746450962,-2.424499334
NCIH1373_LUNG,-2.686886682,-4.085963423,-2.350215112,-2.515676528,-1.591161994
NCIH1435_LUNG,-3.873290334,-3.873290334,-1.850887995,-2.533871054,-1.798833826
NCIH1437_LUNG,-3.611592607,-1.783679479,-3.603787729,-2.068349108,-4.388226489
NCIH1563_LUNG,-4.057677974,-4.057677974,-2.813787925,-4.057677974,-4.057677974
NCIH1568_LUNG,-3.924758822,-1.613713391,-1.478314146,-2.550231435,-2.66442311
NCIH1573_LUNG,-0.327427507,-3.855507238,-0.856865427,-3.855507238,-1.321620291
NCIH1581_LUNG,-3.504957813,-3.504957813,-3.504957813,-0.649687038,-3.504957813
NCIH1623_LUNG,-3.45141133,-3.45141133,-3.45141133,-3.45141133,-3.45141133
NCIH1648_LUNG,-0.257433488,-3.686453114,-3.536427888,-1.605775761,-2.594801072
NCIH1650_LUNG,-3.839534568,-1.218999227,-3.839534568,-1.334577884,-1.743289569
NCIH1651_LUNG,-3.519653389,-3.519653389,-3.519653389,-2.796007791,-3.519653389
NCIH1693_LUNG,-4.054409661,-4.054409661,-4.054409661,-4.054409661,-4.054409661
NCIH1703_LUNG,-3.595341992,-3.595341992,-3.595341992,-1.788088916,-3.595341992
NCIH1792_LUNG,-3.604682018,-3.604682018,-3.604682018,-3.604682018,-3.604682018
NCIH1793_LUNG,-3.794061674,-3.794061674,-3.794061674,-3.794061674,-3.794061674
NCIH1838_LUNG,-4.142991866,-4.142991866,-4.142991866,-4.142991866,-3.506385948
NCIH1915_LUNG,-1.072629092,0.198147454,-0.421544707,0.578490195,0.093822414
NCIH1944_LUNG,-2.657295268,-1.21877628,-3.035891,-3.902731712,-2.109838941
NCIH1975_LUNG,-1.768872594,-3.923915736,-3.567531447,-3.47066421,-3.287309818
NCIH2009_LUNG,-3.753535858,-3.753535858,-3.753535858,-3.753535858,-3.753535858
NCIH2023_LUNG,-3.888088654,-2.139395143,-1.915669092,-3.888088654,-3.071717322
NCIH2030_LUNG,-3.83838004,-3.83838004,-1.486487403,-2.452753521,-2.069443149
NCIH2052_PLEURA,-3.363181296,-3.363181296,-3.363181296,-3.363181296,-3.363181296
NCIH2077_LUNG,-2.342503714,-1.789966719,-2.35055292,0.431173928,-0.988710303
NCIH2087_LUNG,-3.62989655,-3.62989655,-3.62989655,-3.62989655,-3.62989655
NCIH2110_LUNG,-3.335326817,-0.228105641,-4.375063929,-3.521860081,-3.460321581
NCIH2122_LUNG,-2.566338351,0.21617148,-3.186589037,-3.521643098,-1.633712007
NCIH2126_LUNG,-3.718422239,-3.474313908,-3.718422239,-3.718422239,-3.526637068
NCIH2170_LUNG,-4.081729931,-1.687870553,-3.725345641,-4.081729931,-4.081729931
NCIH2172_LUNG,-3.950610627,-3.950610627,-3.950610627,-1.876042699,-3.950610627
NCIH2228_LUNG,-3.481061323,-3.481061323,-2.305241822,-2.358394861,-2.904031555
NCIH226_LUNG,-2.512741538,-3.797321201,-3.797321201,-3.589636297,-3.47295801
NCIH2347_LUNG,-3.738117381,-3.738117381,-2.689870082,-3.738117381,-3.738117381
NCIH23_LUNG,-2.484001577,-3.97360067,-3.97360067,-1.227142063,-3.465638992
NCIH2444_LUNG,-3.756492901,-3.756492901,-3.756492901,-3.756492901,-3.248531223
NCIH2452_PLEURA,-3.836190857,-3.836190857,-3.836190857,-3.836190857,-3.836190857
NCIH28_PLEURA,-3.423945854,-3.423945854,-3.423945854,-3.423945854,-3.423945854
NCIH292_LUNG,0.274481683,0.575599589,-0.005262084,-3.030088689,-2.079436422
NCIH322_LUNG,-3.987580021,-1.151783921,-2.1213114,-3.987580021,-3.298593406
NCIH358_LUNG,-3.662866428,-1.055883322,-3.662866428,-2.809662581,-2.038744106
NCIH446_LUNG,-4.00376456,-4.00376456,-4.00376456,-4.00376456,-4.00376456
NCIH460_LUNG,1.093766585,2.207549339,2.441427227,1.444011781,1.954306025
NCIH520_LUNG,-2.948288461,-3.398272797,-2.361978079,-0.445323418,-1.509144946
NCIH522_LUNG,-4.192143911,-4.192143911,-4.192143911,-4.192143911,-4.192143911
NCIH596_LUNG,-3.533608884,-3.533608884,-3.533608884,-3.533608884,-3.533608884
NCIH650_LUNG,0.815744248,-1.62316406,-0.742866494,-0.293412987,0.247584738
NCIH661_LUNG,-3.981894497,-3.981894497,-2.389093654,-3.372733689,-3.981894497
NCIH727_LUNG,-3.069440152,-4.037850974,-4.037850974,-2.26067059,-4.037850974
NCIH747_LARGE_INTESTINE,-2.749012895,-3.994449338,-3.058375869,-3.994449338,-2.708409112
NCIH838_LUNG,-3.987488907,-3.987488907,-3.987488907,-3.987488907,-3.987488907
NCIH841_LUNG,-3.762958943,-3.762958943,-3.406574654,-0.344873474,-3.762958943
NCIN87_STOMACH,-3.584646224,-3.584646224,-3.584646224,-3.584646224,-3.158853129
NUGC3_STOMACH,-2.116514244,-1.523488258,-1.40896099,-2.817815503,-0.255380889
NUGC4_STOMACH,-2.261830494,-3.702031823,-1.577283386,-3.248780296,0.091780011
OAW42_OVARY,-3.610798943,-3.610798943,-3.610798943,-3.610798943,-3.610798943
OC314_OVARY,-1.787150004,-3.899842331,-2.098288817,-1.721966031,-1.881697608
OC316_OVARY,-0.941113597,-3.854518238,-2.044327992,-1.331620727,-1.1905747
OE19_OESOPHAGUS,-3.980970466,-3.980970466,-3.980970466,-3.980970466,-3.037834911
OE21_OESOPHAGUS,-3.819611714,-3.819611714,-3.819611714,-3.819611714,-3.819611714
OE33_OESOPHAGUS,-1.140558807,-4.120708766,-2.160223378,-4.120708766,-2.798757138
ONCODG1_OVARY,-3.70308551,-3.70308551,-3.70308551,-3.70308551,-3.70308551
ONS76_CENTRAL_NERVOUS_SYSTEM,-2.402532571,-3.925810383,-1.893040826,-3.925810383,-2.692796796
OSRC2_KIDNEY,-2.597295353,-3.821752418,-1.028189271,-3.368500892,-2.307920045
OUMS23_LARGE_INTESTINE,-3.967773929,-4.230188366,-4.230188366,-2.547002111,-4.230188366
OV56_OVARY,-3.59780767,-3.59780767,-3.59780767,-3.59780767,-3.59780767
OV7_OVARY,-2.993282,-2.993282,-2.993282,-2.993282,-2.993282
OVCAR8_OVARY,-0.348045714,-3.82095089,0.833131407,-0.594873515,-1.167054779
OVISE_OVARY,-4.067413692,-4.067413692,-1.986224215,-4.067413692,-4.067413692
OVK18_OVARY,-4.088137073,-4.088137073,-3.221296362,-1.877903209,-3.511107306
OVSAHO_OVARY,-3.794630308,-3.794630308,-2.583443239,-3.794630308,-3.794630308
OVTOKO_OVARY,-3.12539677,-3.958474934,-3.958474934,-3.958474934,-3.958474934
PANC0203_PANCREAS,-2.444670037,-3.678328055,-2.746616885,-3.714751483,-2.498551462
PANC0327_PANCREAS,-3.472496244,-3.472496244,-3.472496244,-3.472496244,-3.472496244
PANC0403_PANCREAS,-3.394512179,-0.536557697,-2.240883505,-3.819343382,-2.328253674
PANC0813_PANCREAS,-3.663754178,-1.575901177,-4.206521946,-4.206521946,-1.989609904
PANC1005_PANCREAS,-3.833471246,-3.833471246,-3.833471246,-3.833471246,-3.833471246
PANC1_PANCREAS,-2.761772389,-1.99911275,-3.96418496,-1.451799049,-2.375875847
PATU8902_PANCREAS,0.428850971,-3.6632511,-3.6632511,-1.759612002,-0.334722189
PATU8988S_PANCREAS,-3.114091854,-4.215076797,-2.479328486,-4.215076797,-2.679633693
PATU8988T_PANCREAS,-1.954056803,-1.66994688,-1.336795109,-0.062395121,-1.231129831
PC14_LUNG,-4.099056563,-1.549103354,-1.999915928,-1.94479587,-0.934522097
PC3_PROSTATE,-3.897270218,-3.897270218,-3.897270218,-2.754976451,-2.542151211
PECAPJ15_UPPER_AERODIGESTIVE_TRACT,-3.243326002,-2.320723539,-2.305002026,-4.019959884,-3.828174714
PECAPJ41CLONED2_UPPER_AERODIGESTIVE_TRACT,-2.341418529,-3.661903256,-0.44059036,-3.661903256,-0.831523954
PECAPJ49_UPPER_AERODIGESTIVE_TRACT,-2.298737205,-3.555746848,-3.44347089,-3.799855179,-3.608070008
PK1_PANCREAS,-1.628942811,-2.648317532,-2.110383876,-2.348873155,-2.70808089
PK45H_PANCREAS,-4.01536953,-4.01536953,-4.01536953,-3.201209245,-2.30336966
PK59_PANCREAS,-0.624008397,-3.818133835,-1.488933315,-3.818133835,-2.12526873
PLCPRF5_LIVER,-3.712627015,-3.712627015,-3.712627015,-3.712627015,-3.712627015
PSN1_PANCREAS,-1.391178394,-1.175203462,-1.058180787,0.648782491,-0.029839211
QGP1_PANCREAS,-4.031886531,-3.632448865,-3.675502242,-1.612209696,-2.126668034
RCC10RGB_KIDNEY,-3.613394336,-3.613394336,-3.613394336,-3.613394336,-3.613394336
RCM1_LARGE_INTESTINE,-4.031804255,-4.031804255,-4.031804255,-4.031804255,-3.215432923
RD_SOFT_TISSUE,-1.993328487,-3.811078599,-2.944237887,0.086418254,-1.565845388
RERFLCAD1_LUNG,-3.019636317,-3.444467521,-3.444467521,-1.649848644,-2.13415951
RERFLCAD2_LUNG,-3.719774656,-0.957806767,-3.719774656,-3.719774656,-3.142744888
RERFLCAI_LUNG,-2.522298446,-2.125578022,-1.911357797,-0.31475544,-1.902006942
RERFLCKJ_LUNG,-2.277735603,-3.954167198,-3.954167198,-3.500915672,-3.954167198
RERFLCMS_LUNG,-3.007224388,-3.840302551,-3.290839659,-0.849776696,-3.0623855
RH30_SOFT_TISSUE,-3.963318777,-3.963318777,-3.963318777,-1.19362115,-3.963318777
RKN_SOFT_TISSUE,-2.44642929,-0.444951551,-1.974172483,-2.310647507,-2.950542684
RKO_LARGE_INTESTINE,-3.495354392,-3.238317901,-2.107654265,-0.921194967,-1.774111099
RL952_ENDOMETRIUM,-3.286709654,-3.427329102,-1.131909524,-2.868511322,-1.549761396
RMGI_OVARY,-1.875881918,-3.922648031,-3.922648031,-3.313487223,-3.286042113
RMUGS_OVARY,-1.739511443,-1.278116806,-3.923810236,-3.923810236,-2.676920761
RT112_URINARY_TRACT,0.165587138,-3.476060925,-1.469688744,-2.090434406,-2.899031157
RT4_URINARY_TRACT,-3.607532737,-3.607532737,-3.607532737,-3.607532737,-3.607532737
RVH421_SKIN,-3.830472953,-3.830472953,-3.830472953,-2.267408719,-1.664749803
S117_SOFT_TISSUE,-2.112227739,-3.740537754,-3.740537754,-0.51923354,-2.638134271
SBC5_LUNG,-2.542729078,-1.477089899,-2.347755287,0.30571102,-1.687265892
SCABER_URINARY_TRACT,-3.800276075,-3.556167744,-3.250813182,-3.800276075,-1.874554529
SCC25_UPPER_AERODIGESTIVE_TRACT,-4.002005569,-4.002005569,-1.220149515,-4.002005569,-2.715965342
SF126_CENTRAL_NERVOUS_SYSTEM,-3.37003271,-3.37003271,-3.37003271,-3.37003271,-3.37003271
SF295_CENTRAL_NERVOUS_SYSTEM,-3.074277024,-3.617044793,-3.617044793,-3.617044793,-3.617044793
SF539_CENTRAL_NERVOUS_SYSTEM,-3.531791206,-3.531791206,-3.531791206,-3.531791206,-3.531791206
SH10TC_STOMACH,-0.340344452,-1.313825353,-1.840692794,-0.867323153,-0.475975991
SH4_SKIN,-3.592183472,-3.348075141,-3.592183472,-3.592183472,-1.787790736
SIMA_AUTONOMIC_GANGLIA,-4.049302566,-4.049302566,-4.049302566,-4.049302566,-4.049302566
SJSA1_BONE,-2.725128242,-0.552065015,-0.132557416,-0.684467061,-1.420223677
SKES1_BONE,-1.018344495,-3.288715764,-2.167169539,-0.138084858,-1.384921497
SKHEP1_LIVER,1.139681701,0.230613525,0.024473034,0.729160528,1.637343187
SKLU1_LUNG,-3.805433862,-3.805433862,-3.805433862,-2.576446618,-3.805433862
SKMEL24_SKIN,-2.321779004,-0.757330354,-0.675319837,-3.165705618,-1.116182022
SKMEL2_SKIN,-3.322172094,-3.322172094,-3.322172094,-3.322172094,-3.322172094
SKMEL30_SKIN,-3.788766207,-3.788766207,-1.922497586,-3.788766207,-1.995873436
SKMEL3_SKIN,-2.98419601,-2.98419601,-2.98419601,-2.98419601,-2.98419601
SKMEL5_SKIN,-2.486460678,0.589722852,-0.182857395,-1.248564166,-1.233538466
SKMES1_LUNG,-4.176330683,-4.176330683,-1.41407919,-4.176330683,-3.020244922
SKNAS_AUTONOMIC_GANGLIA,0.23664855,-2.683395225,-1.744646035,0.746778984,-2.039125971
SKNBE2_AUTONOMIC_GANGLIA,-3.968870777,-1.401718252,-3.968870777,-2.617430674,-2.168277627
SKNEP1_BONE,-3.795481866,-3.795481866,-3.795481866,-2.320976817,-3.218452099
SKOV3_OVARY,-3.828506333,-3.828506333,-2.103028851,-3.375254807,-2.655906216
SKUT1_SOFT_TISSUE,-1.8935923,-3.937110245,-1.842388317,-0.457231324,-1.783066814
SNB75_CENTRAL_NERVOUS_SYSTEM,-3.576036836,-3.331928505,-1.020134386,-3.576036836,-3.576036836
SNGM_ENDOMETRIUM,-2.388462699,-2.058232945,-3.72343439,-2.330183658,-1.692115863
SNU1041_UPPER_AERODIGESTIVE_TRACT,-1.417809211,-3.822818826,-0.476881405,-2.198706187,-1.616272258
SNU1066_UPPER_AERODIGESTIVE_TRACT,-3.69044995,-3.69044995,-1.809404525,-3.69044995,-1.511752195
SNU1076_UPPER_AERODIGESTIVE_TRACT,-3.355439657,-3.355439657,-1.673661789,-3.355439657,-1.026886927
SNU1077_ENDOMETRIUM,-3.475764983,-3.475764983,-3.475764983,-3.475764983,-3.475764983
SNU1079_BILIARY_TRACT,-3.874237542,-3.874237542,-3.874237542,-3.874237542,-3.874237542
SNU1105_CENTRAL_NERVOUS_SYSTEM,-3.760199562,-3.760199562,-3.760199562,-3.760199562,-3.760199562
SNU1196_BILIARY_TRACT,-2.9729802,-1.468380332,-3.749614083,-3.749614083,-3.749614083
SNU1214_UPPER_AERODIGESTIVE_TRACT,-3.641773329,-3.641773329,-1.746437379,-3.641773329,-3.641773329
SNU213_PANCREAS,-2.298272694,-1.475837192,-2.171074011,-3.763874854,-2.322188909
SNU245_BILIARY_TRACT,-3.973468657,-1.796838787,-4.235883094,-4.235883094,-4.235883094
SNU308_BILIARY_TRACT,-2.40613669,-3.77546074,-3.419076451,-3.77546074,-3.138854822
SNU398_LIVER,-2.655741837,-3.901178281,-3.544793992,-1.064122279,-3.901178281
SNU407_LARGE_INTESTINE,1.049625531,-1.050274912,-1.442976624,-0.180089333,-0.67384661
SNU410_PANCREAS,-3.770232712,-3.770232712,-3.770232712,-3.770232712,-3.770232712
SNU423_LIVER,-3.751500955,-1.279194132,-3.751500955,-3.751500955,-3.751500955
SNU449_LIVER,-3.973129992,-3.973129992,-3.973129992,-3.973129992,-3.973129992
SNU466_CENTRAL_NERVOUS_SYSTEM,-3.944315669,-3.944315669,-2.614918034,-3.944315669,-3.944315669
SNU46_UPPER_AERODIGESTIVE_TRACT,-3.576271781,-3.576271781,-3.576271781,-3.576271781,-3.576271781
SNU601_STOMACH,-3.583723665,-3.583723665,-3.583723665,-3.583723665,-3.583723665
SNU61_LARGE_INTESTINE,-3.890829412,-3.890829412,-3.890829412,-3.890829412,-2.976087064
SNU668_STOMACH,-0.490298793,-3.742784663,-3.742784663,-1.494848518,-3.106178745
SNU685_ENDOMETRIUM,-3.810120042,-3.810120042,-2.409312568,-3.810120042,-3.810120042
SNU719_STOMACH,-3.292058257,-3.292058257,-3.292058257,-3.292058257,-3.292058257
SNU738_CENTRAL_NERVOUS_SYSTEM,-3.784279205,-3.784279205,-3.784279205,-3.436680808,-3.784279205
SNU761_LIVER,-3.842471158,-3.842471158,-2.138294071,-3.30430592,-3.842471158
SNU81_LARGE_INTESTINE,-2.952572302,-3.593614383,-3.171151883,-3.383579754,-3.00482187
SNU840_OVARY,-3.581961246,-1.0898384,-0.836414905,-3.844375683,-2.166436056
SNU869_BILIARY_TRACT,0.43036318,-3.624885404,-3.624885404,-1.17963309,-1.674149772
SNU886_LIVER,-3.593539937,-3.593539937,-3.593539937,-3.593539937,-3.593539937
SNUC2A_LARGE_INTESTINE,-3.550685891,-4.087905051,-2.770807014,-1.383324302,-1.920528082
SNUC4_LARGE_INTESTINE,-2.701775666,-0.585124408,-2.090684029,-3.40573629,-2.587466709
SNUC5_LARGE_INTESTINE,0.435099169,-0.907342985,-0.127567157,-0.986992527,-0.138110482
SQ1_LUNG,-3.697968839,-3.697968839,-3.697968839,-3.697968839,-3.697968839
SUIT2_PANCREAS,1.121737616,-1.013115988,0.826623929,0.329239131,0.868459028
SW1088_CENTRAL_NERVOUS_SYSTEM,-3.700093398,-3.700093398,-3.700093398,-3.700093398,-3.700093398
SW1271_LUNG,-3.100429402,-3.812171508,-3.812171508,-3.812171508,-3.812171508
SW1353_BONE,-3.409015511,-3.409015511,-3.409015511,-3.409015511,-3.409015511
SW1573_LUNG,-3.198844414,-1.513224371,-0.178734932,-0.803239237,-1.36486202
SW1710_URINARY_TRACT,-4.108744349,-4.108744349,-4.108744349,-4.108744349,-4.108744349
SW1990_PANCREAS,-3.726972609,-1.554234457,-2.304752471,-3.726972609,-2.138663496
SW480_LARGE_INTESTINE,-1.376933888,-0.422034851,-0.823286458,-3.675227016,-3.004194205
SW48_LARGE_INTESTINE,-3.077972971,-3.077972971,-3.077972971,-3.077972971,-3.077972971
SW579_THYROID,-3.222618771,-3.222618771,-3.222618771,-2.408458486,-3.222618771
SW620_LARGE_INTESTINE,-0.49734969,0.859651081,-0.781306959,-2.33576094,-0.225272261
SW780_URINARY_TRACT,-3.637918319,-3.637918319,-3.637918319,-2.441562346,-0.749582757
SW837_LARGE_INTESTINE,-3.887630175,-3.887630175,-3.531245885,-3.887630175,-3.379668497
SW900_LUNG,-3.831257114,-3.831257114,-1.523273559,-3.222096306,-2.44532501
SW948_LARGE_INTESTINE,-4.303123683,-4.303123683,-3.753660791,-4.09543878,-3.978760492
T24_URINARY_TRACT,-2.208100416,-1.768394753,-3.129446142,-3.913884902,-2.580593693
T3M10_LUNG,-1.490040677,-0.275805499,-0.043215993,1.291539326,0.488328481
T47D_BREAST,-4.173252246,-2.537348376,-3.623789354,-3.965567343,-2.682162538
T98G_CENTRAL_NERVOUS_SYSTEM,-3.421566808,-3.846398012,-3.490013723,-3.846398012,-3.846398012
TCCPAN2_PANCREAS,-2.560660764,-2.012375525,-3.973882832,-3.973882832,-0.718650017
TCCSUP_URINARY_TRACT,-3.860174474,-3.860174474,-3.860174474,-3.860174474,-3.860174474
TE10_OESOPHAGUS,-2.982163286,-1.130108668,-0.656244225,-4.021900397,-1.216453664
TE11_OESOPHAGUS,-0.375195753,-0.923000176,-1.92822804,-1.897732187,0.046704544
TE1_OESOPHAGUS,-3.547631937,-3.547631937,-1.889471677,-3.339947034,-3.547631937
TE4_OESOPHAGUS,-2.917860903,-0.896275169,-2.917860903,-2.917860903,-2.917860903
TE5_OESOPHAGUS,-2.926530227,-2.144284522,-3.575682545,-3.932066835,-3.295460917
TE6_OESOPHAGUS,-3.893326669,-3.893326669,-3.893326669,-3.122069874,-3.893326669
TE8_OESOPHAGUS,-3.994180231,-3.994180231,-3.994180231,-3.270534633,-3.994180231
TE9_OESOPHAGUS,-3.823882622,-3.823882622,-3.823882622,-3.052625827,-2.015723252
TEN_ENDOMETRIUM,-3.289792762,-3.289792762,-3.289792762,-3.289792762,-3.289792762
TM31_CENTRAL_NERVOUS_SYSTEM,-3.762194205,-3.762194205,-3.762194205,-3.762194205,-3.762194205
TM87_SOFT_TISSUE,-2.331442937,-3.15389777,-1.168465929,0.28275164,-0.612762779
TOV112D_OVARY,-3.865033764,-3.865033764,-3.865033764,-3.865033764,-3.865033764
TOV21G_OVARY,-3.644592126,-3.644592126,-3.288207837,-2.483519859,-2.603454937
TT2609C02_THYROID,-2.70835606,-1.96665495,-3.24059209,-4.107432801,-3.137646958
TT_OESOPHAGUS,-2.981678844,-3.74310712,-3.630831162,-3.987215451,-3.987215451
TT_THYROID,-3.563399322,-3.563399322,-3.563399322,-3.563399322,-3.563399322
TUHR4TKB_KIDNEY,-3.35387463,-3.35387463,-3.35387463,-3.35387463,-3.35387463
U118MG_CENTRAL_NERVOUS_SYSTEM,-3.104519459,-3.104519459,-3.104519459,-3.104519459,-3.104519459
U251MG_CENTRAL_NERVOUS_SYSTEM,-3.854022892,-3.854022892,-3.854022892,-3.400771365,-3.428229797
U2OS_BONE,-3.554847537,-3.554847537,-3.554847537,-3.554847537,-3.554847537
UACC257_SKIN,-2.9238126,-0.680713553,-2.152172506,-3.700446483,-2.002718071
UACC62_SKIN,-0.553935249,-2.994645464,-1.513276313,-0.55428661,-0.328825266
UBLC1_URINARY_TRACT,-3.420597383,-3.420597383,-3.420597383,-3.420597383,-3.420597383
UMUC1_URINARY_TRACT,-1.799982922,-3.374167089,-3.374167089,-3.374167089,-3.374167089
UO31_KIDNEY,-3.751814638,-3.751814638,-3.202351746,-3.751814638,-3.751814638
VMCUB1_URINARY_TRACT,-1.877115287,-2.068448693,-0.562418368,-3.920633232,-2.837707084
VMRCRCW_KIDNEY,-0.992022859,-4.056280279,-1.644797619,-3.848595376,-2.124874213
VMRCRCZ_KIDNEY,-3.544610746,-3.544610746,-3.544610746,-3.544610746,-3.544610746
WM1799_SKIN,-2.399372498,-1.185834492,-0.726089291,-2.025740126,-1.961278066
WM2664_SKIN,-0.282695413,-0.224060188,0.978751841,0.019455418,-0.967302939
WM793_SKIN,-3.730609661,-3.730609661,-2.231954813,-3.730609661,-3.730609661
WM88_SKIN,0.524861815,-3.31808153,-1.761478862,-2.969150623,-1.642524058
WM983B_SKIN,-2.758394151,-1.504239955,-1.403371211,-2.504540212,-2.248806852
YAPC_PANCREAS,-0.896656081,-1.507074871,-1.320612665,-2.735162847,-0.612827859
YD10B_UPPER_AERODIGESTIVE_TRACT,-2.483930487,-3.910851653,-1.798718401,-3.910851653,-2.738251536
YD15_SALIVARY_GLAND,-3.66612533,-3.66612533,-2.983472872,-2.437138086,-0.588070187
YD38_UPPER_AERODIGESTIVE_TRACT,-4.038823639,-2.495447143,-1.582609739,-4.038823639,-2.403391097
YD8_UPPER_AERODIGESTIVE_TRACT,-2.70255274,-3.881741737,-3.525357448,-3.881741737,-3.881741737
YH13_CENTRAL_NERVOUS_SYSTEM,-3.301888387,-3.301888387,-3.301888387,-3.301888387,-3.301888387
YKG1_CENTRAL_NERVOUS_SYSTEM,-0.872277066,-3.98584558,-2.150730209,-3.98584558,-3.98584558
ZR751_BREAST,-4.301844204,-4.301844204,-2.115382563,-4.301844204,-3.417482008
